engine,query,raw,total,first_run_ms,p50_ms,p95_ms,min_ms,max_ms,measured,posting_ms_p50,verification_ms_p50,snippet_ms_p50,posting_rows,candidate_docs,candidate_blocks,payload_reads,compressed_bytes,decompressed_bytes,verified_blocks,false_positive_docs,false_positive_blocks,snippet_payload_reads,result_hash
A,spec,"SPEC.md",85,13518.0,12783.9,13034.0,12521.7,13034.0,10,2.9,12707.1,0.4,0,144,0,4638,61846570,285103909,0,59,0,0,bf3fba1ac43e44ff
A,cjk2-tests,"測試",96,5673.1,5167.0,5316.0,5072.1,5316.0,10,0.5,5099.4,13.3,0,111,0,2601,31806280,154125816,0,13,0,18,7174d8980a98c5bb
A,cjk1-common,"的",586,9924.2,9239.0,9668.1,9210.8,9668.1,10,0.9,9152.0,12.8,0,586,0,3847,45814751,209484352,0,0,0,13,61831d14e77c1c12
A,cjk1-rare,"仙",1,43.7,40.8,42.6,39.6,42.6,10,0.2,1.5,1.8,0,1,0,1,11033,27337,0,0,0,1,15d58b1cd260a6ca
A,tri-common-latin,"ing",20296,42911.0,39529.6,39918.6,39402.9,39918.6,3,21.0,38743.7,0.3,0,20296,0,22721,160315909,697703735,0,0,0,0,6ecef08f2cea5248
A,tri-common-cjk,"下列何",10,531.0,521.5,531.9,516.3,531.9,10,0.3,389.0,94.7,0,10,0,67,1166137,4761900,0,0,0,22,1ecbb0221585f339
A,tri-rare-latin,"qev",14,1851.0,1845.9,1869.2,1833.0,1869.2,10,0.3,1295.4,499.2,0,14,0,704,11237866,45793862,0,0,0,166,dfc587708d07f16c
A,snipaste,"Snipaste-2.11.3-x64",1,590.8,582.7,613.8,568.0,613.8,10,4.9,535.1,4.5,0,2,0,461,5687561,29293470,0,1,0,1,6b53cb599cf2f56b
A,absent,"seekah_absent_20260927_f391a7",0,53.5,42.0,45.0,41.0,45.0,10,5.8,0.0,0.0,0,0,0,0,0,0,0,0,0,0,e3b0c44298fc1c14
A,ascii1-common,"e",156218,12581.1,10828.1,11297.0,10604.5,11297.0,10,148.4,8118.2,0.2,0,156218,0,7601,52391482,209148978,0,0,0,0,9a63f1ade4bba318
B,spec,"SPEC.md",85,1840.1,1762.1,1804.0,1728.4,1804.0,10,32.5,1727.2,0.4,34892,75,0,366,3999367,23498543,31795,24,0,0,bf3fba1ac43e44ff
B,cjk2-tests,"測試",96,974.9,959.0,979.4,948.4,979.4,10,4.4,950.6,0.2,514,109,0,175,1930374,8116735,29703,15,0,0,7174d8980a98c5bb
B,cjk1-common,"的",586,1337.4,1346.5,1361.9,1333.8,1361.9,10,7.4,1330.2,0.4,890,582,0,713,5830159,20296863,119375,0,0,0,61831d14e77c1c12
B,cjk1-rare,"仙",1,8.5,5.4,6.4,5.3,6.4,10,1.8,2.7,0.7,1,1,0,1,11033,27337,181,0,0,1,15d58b1cd260a6ca
B,tri-common-latin,"ing",20296,22865.9,22071.2,22101.9,22005.6,22101.9,3,38.1,21857.5,0.3,30407,14826,0,14192,53386364,182189227,4864024,0,0,0,6ecef08f2cea5248
B,tri-common-cjk,"下列何",10,250.2,244.4,249.1,240.9,249.1,10,2.8,179.2,59.9,63,10,0,22,527079,1913288,62272,0,0,22,1ecbb0221585f339
B,tri-rare-latin,"qev",14,667.5,666.0,676.6,649.9,676.6,10,2.7,291.7,364.8,79,14,0,166,4884216,10691484,9862,0,0,166,dfc587708d07f16c
B,snipaste,"Snipaste-2.11.3-x64",1,90.7,74.6,82.6,73.8,82.6,10,53.2,20.1,0.6,72678,1,0,1,7238,65517,9454,0,0,1,6b53cb599cf2f56b
B,absent,"seekah_absent_20260927_f391a7",0,79.9,68.7,76.4,67.4,76.4,10,68.5,0.1,0.0,93282,0,0,0,0,0,0,0,0,0,e3b0c44298fc1c14
B,ascii1-common,"e",156218,5533.8,5521.6,5878.3,5360.7,5878.3,10,200.1,5022.4,0.2,180744,17865,0,5143,17109771,54374317,1139037,0,0,0,9a63f1ade4bba318
C1,spec,"SPEC.md",85,885.9,743.9,783.9,725.5,783.9,10,3.6,738.2,0.4,136,59,97,673,7843839,46788498,58,8,12,0,bf3fba1ac43e44ff
C1,cjk2-tests,"測試",96,5.2,2.1,2.2,2.0,2.2,10,0.6,0.3,0.2,304,94,274,0,0,0,0,0,0,0,7174d8980a98c5bb
C1,cjk1-common,"的",586,24.6,22.1,24.1,21.8,24.1,10,10.7,2.8,0.3,12357,582,11548,0,0,0,0,0,0,0,61831d14e77c1c12
C1,cjk1-rare,"仙",1,1.8,1.3,1.7,1.2,1.7,10,0.3,0.1,0.7,2,1,2,0,0,0,0,0,0,1,15d58b1cd260a6ca
C1,tri-common-latin,"ing",20296,6266.8,5899.1,6063.1,5763.7,6063.1,10,2620.4,2996.3,0.3,740421,14826,719077,10389,38747840,139892560,9897,0,0,0,6ecef08f2cea5248
C1,tri-common-cjk,"下列何",10,135.4,107.0,115.5,101.1,115.5,10,6.9,35.6,64.7,1909,10,1909,22,527079,1913288,10,0,0,22,1ecbb0221585f339
C1,tri-rare-latin,"qev",14,582.7,570.7,606.1,556.9,606.1,10,0.6,183.4,384.0,19,14,19,166,4884216,10691484,14,0,0,166,dfc587708d07f16c
C1,snipaste,"Snipaste-2.11.3-x64",1,82.6,7.3,7.6,7.3,7.6,10,5.7,0.8,0.6,345,1,345,1,7238,65517,1,0,0,1,6b53cb599cf2f56b
C1,absent,"seekah_absent_20260927_f391a7",0,74.9,4.4,4.7,4.3,4.7,10,4.1,0.2,0.0,0,0,0,0,0,0,0,0,0,0,e3b0c44298fc1c14
C1,ascii1-common,"e",156218,3439.7,3350.3,3437.7,3177.9,3437.7,10,2196.4,765.6,0.2,4045731,17865,3799754,0,0,0,0,0,0,0,9a63f1ade4bba318
C2,spec,"SPEC.md",85,154.3,4.2,4.8,4.0,4.8,10,2.7,0.3,0.4,124,51,85,0,0,0,0,0,0,0,bf3fba1ac43e44ff
C2,cjk2-tests,"測試",96,45.6,2.3,2.9,2.2,2.9,10,0.8,0.3,0.2,304,94,274,0,0,0,0,0,0,0,7174d8980a98c5bb
C2,cjk1-common,"的",586,83.0,23.2,23.8,22.6,23.8,10,11.2,2.8,0.3,12357,582,11548,0,0,0,0,0,0,0,61831d14e77c1c12
C2,cjk1-rare,"仙",1,18.5,1.6,2.1,1.4,2.1,10,0.3,0.2,0.8,2,1,2,0,0,0,0,0,0,1,15d58b1cd260a6ca
C2,tri-common-latin,"ing",20296,1413.7,854.5,880.8,838.4,880.8,10,583.4,73.7,0.3,740421,14826,719077,0,0,0,0,0,0,0,6ecef08f2cea5248
C2,tri-common-cjk,"下列何",10,96.0,70.4,71.4,65.2,71.4,10,3.7,0.2,66.0,1909,10,1909,0,0,0,0,0,0,22,1ecbb0221585f339
C2,tri-rare-latin,"qev",14,408.8,378.0,392.6,363.5,392.6,10,0.6,0.2,376.8,19,14,19,0,0,0,0,0,0,166,dfc587708d07f16c
C2,snipaste,"Snipaste-2.11.3-x64",1,202.3,7.4,10.3,7.2,10.3,10,6.3,0.2,0.7,345,1,345,0,0,0,0,0,0,1,6b53cb599cf2f56b
C2,absent,"seekah_absent_20260927_f391a7",0,245.8,7.1,7.3,7.0,7.3,10,6.8,0.2,0.0,0,0,0,0,0,0,0,0,0,0,e3b0c44298fc1c14
C2,ascii1-common,"e",156218,4563.8,3394.5,3570.6,3301.4,3570.6,10,2260.6,761.7,0.2,4045731,17865,3799754,0,0,0,0,0,0,0,9a63f1ade4bba318
D,spec,"SPEC.md",85,153.3,70.1,72.0,69.5,72.0,10,52.3,16.4,0.4,39350,52,86,47,253160,802650,47,1,1,0,bf3fba1ac43e44ff
D,cjk2-tests,"測試",96,25.3,2.2,3.4,2.1,3.4,10,0.7,0.3,0.2,304,94,274,0,0,0,0,0,0,0,7174d8980a98c5bb
D,cjk1-common,"的",586,38.6,22.7,24.9,22.6,24.9,10,10.9,2.9,0.3,12357,582,11548,0,0,0,0,0,0,0,61831d14e77c1c12
D,cjk1-rare,"仙",1,10.9,1.4,1.8,1.3,1.8,10,0.3,0.2,0.8,2,1,2,0,0,0,0,0,0,1,15d58b1cd260a6ca
D,tri-common-latin,"ing",20296,6840.7,6991.1,14684.3,6109.0,14684.3,10,6720.9,74.1,0.3,1992954,14826,719077,0,0,0,0,0,0,0,6ecef08f2cea5248
D,tri-common-cjk,"下列何",10,80.0,73.3,77.6,71.8,77.6,10,10.2,0.1,62.1,4117,10,1909,0,0,0,0,0,0,22,1ecbb0221585f339
D,tri-rare-latin,"qev",14,382.7,376.6,394.2,372.1,394.2,10,0.9,0.2,375.2,151,14,19,0,0,0,0,0,0,166,dfc587708d07f16c
D,snipaste,"Snipaste-2.11.3-x64",1,101.3,33.2,36.4,31.7,36.4,10,30.8,0.8,0.6,10919,1,345,1,7238,65517,1,0,0,1,6b53cb599cf2f56b
D,absent,"seekah_absent_20260927_f391a7",0,148.5,32.1,33.0,31.3,33.0,10,31.8,0.2,0.0,61,0,0,0,0,0,0,0,0,0,e3b0c44298fc1c14
D,ascii1-common,"e",156218,3377.5,3257.3,3348.0,3152.5,3348.0,10,2149.6,730.6,0.2,4045731,17865,3799754,0,0,0,0,0,0,0,9a63f1ade4bba318
